<?xml version="1.0" encoding="UTF-8"?>

<!DOCTYPE hibernate-configuration PUBLIC
        "-//Hibernate/Hibernate Configuration DTD 3.0//EN"
        "http://www.hibernate.org/dtd/hibernate-configuration-3.0.dtd">

<hibernate-configuration>

	<session-factory>

		<!-- Database connection settings -->
		<property name="connection.driver_class">oracle.jdbc.OracleDriver</property>
		<property name="connection.url">jdbc:oracle:thin:@localhost:1521:xe</property>
		<property name="connection.username">training</property>
		<property name="connection.password">oracle</property>

		<!-- JDBC connection pool (use the built-in) -->
		<property name="connection.pool_size">1</property>

		<!-- SQL dialect -->
		<property name="dialect">org.hibernate.dialect.Oracle10gDialect</property>

		<!-- Enable Hibernate's automatic session context management -->
		<property name="current_session_context_class">thread</property>

		<!-- Disable the second-level cache -->
		<property name="cache.provider_class">org.hibernate.cache.internal.NoCacheProvider</property>

		<!-- Echo all executed SQL to stdout -->
		<property name="show_sql">true</property>

		<!-- Drop and re-create the database schema on startup -->
		<property name="hbm2ddl.auto">update</property>
		
		<mapping resource="lti/pojo/one2many/Employee"/>
		<mapping resource="lti/pojo/one2many/Department"/>
		
      
      <!--  <mapping resource="mappings/customer.hbm.xml"/>
       <mapping resource="mappings/book.hbm.xml"/>
            <mapping resource="mappings/person.hbm.xml"/> -->
            
            
       
	</session-factory>

</hibernate-configuration>