<?xml version="1.0" encoding="UTF-8"?>
<!DOCTYPE hibernate-mapping PUBLIC
        "-//Hibernate/Hibernate Mapping DTD 3.0//EN"
        "http://www.hibernate.org/dtd/hibernate-mapping-3.0.dtd">
        
        <hibernate-mapping package="lti.pojo">
        <class name="Person" table="persons">
        	<composite-id name="id" class="Person$Id">
             <key-property name="country" >  
                   <column name="country"/>
               </key-property>   
                <key-property name="medicareNumber" >  
                   <column name="medicare_number"/>
               </key-property>        	
        	
        	
        	</composite-id>
        
        <property name="name"/>
        <property name="age"/>
        
        
        </class>
        
        </hibernate-mapping>